pmid,paper_type,vaccine_name,vaccine_name_generated,vaccine_target_pathogen,vaccine_target_host,vaccine_model_host,vaccine_delivery_method,vaccine_manufacturer,vaccine_storage_method,vaccine_stage,vaccine_license,vaccine_antigen,vaccine_formulation,vaccine_gene
37448359,abstract,,False,Brucella,Humans,Animals,,,,research,,,,
3541425,abstract,Brucella suis strain 2 vaccine,False,Brucella suis,"sheep, goats, cattle, pigs",,oral,,,licensed,,,,
26626213,abstract,Brucella suis strain 2 (S2) vaccine,False,"Brucella spp. (Brucella abortus, Brucella melitensis, Brucella suis)","goats, sheep, cattle, swine",BALB/c mice,IM,China Institute of Veterinary Drug Control,,research,,live attenuated Brucella suis strain 2,live attenuated vaccine,
39426472,abstract,RB51 vaccine,False,Brucella spp.,Buffaloes,,IM,Razi Vaccine and Serum Research Institute,,,,,,
34673003,abstract,"BhuA-, 7α-HSDH-, or FliC-Poly I:C subunit vaccine",True,Brucella melitensis and Brucella abortus,Cattle,Mice,Injection (IM),,,research,,"BhuA, 7α-HSDH, FliC proteins",Subunit vaccine with poly I:C adjuvant,"BhuA, 7α-HSDH, FliC"
36623693,abstract,,True,"Brucella abortus, Brucella melitensis",Mice,"Mice, Inbred BALB C","Nanoparticles (Mannosylated chitosan nanoparticle, LPS loaded chitosan)",,,research,,Multi-epitope antigens,Multi-epitope antigens associated with mannosylated chitosan nanoparticles or LPS loaded chitosan nanoparticles,
38806353,abstract,Rev1Δwzm,False,Brucella ovis,sheep,sheep,single inoculation,"Instituto de Agrobiotecnología (IdAB; CSIC-Gobierno de Navarra), Universidad Pública de Navarra (UPNA), Biomar Microbial Technologies",,research,,rough-LPS,,wzm
32404509,abstract,Brucella melitensis 16M ΔvjbR,False,Brucella melitensis,Sheep,Pregnant sheep,Subcutaneous injection,,,research,,Live-attenuated Brucella melitensis 16M ΔvjbR mutant,Live-attenuated bacterial vaccine,vjbR (deleted)
32810924,abstract,Brucella abortus S19 and RB51 vaccines,False,Brucella abortus,Cattle,,Intramuscular,,,licensed,,,Live attenuated,
23720712,abstract,,False,Brucella spp.,"Humans, animals",BALB/c mice,,,,research,,"subunit antigens (outer membrane proteins, periplasmic proteins, ribosomal proteins, flagellar proteins, etc.)",subunit vaccine,
28859268,abstract,Brucella abortus S19,False,Brucella abortus,Cattle (bovines),"Mice, guinea pigs, cattle",Injection (IM),,,licensed,,Live attenuated Brucella abortus S19 strain,Live attenuated vaccine,
40280033,abstract,Brucella inactivated vaccine (CF),False,Brucella melitensis,"Animals (primarily livestock, also relevant to humans)","Mice, Guinea Pigs",Intramuscular (IM),"College of Animal Science and Technology, Shihezi University",,research,,Inactivated Brucella melitensis,Inactivated whole-cell vaccine,
30149131,abstract,M5-90ΔvjbR,False,Brucella melitensis,"sheep, goats","mice (BALB/c), sheep",subcutaneous,,,research,,VjbR antigen,live attenuated,vjbR deletion
31971564,abstract,"Combined Subunit Vaccine (CSV) comprising BP26, Omp25, and L7/L12",False,Brucella abortus,Animals,Mice (Inbred BALB/C),Intramuscular (IM),,,research,,"BP26, Omp25, L7/L12",Combined recombinant subunit vaccine,
23735014,abstract,Brucella abortus RB51,False,Brucella species,"Humans, multiple animal species",Mice,"Intraperitoneal, subcutaneous, oral, intranasal",,,research,,Live attenuated Brucella abortus RB51 strain,Live attenuated whole organism,
12414168,abstract,Brucella abortus RB51 recombinant vaccine (RB51SOD/85A and RB51ESAT),True,"Brucella abortus, Mycobacterium spp. (including Mycobacterium bovis)",Cattle,Mice,,,,research,,"Cu-Zn superoxide dismutase (SOD), 85A protein, ESAT-6 protein","Live attenuated recombinant Brucella abortus RB51 expressing SOD, 85A, and ESAT-6 proteins","sod gene, 85A gene, esat-6 gene"
21676343,abstract,Brucella abortus strain SR82 vaccine,False,Brucella abortus,Cattle,"Guinea pigs, Cattle",,"Federal Center for the Toxicological and Radiation Safety of Animals, All-Russian Institute of Veterinary Research, Kazan, Russia",,licensed,Russian Federation,Brucella abortus strain SR82,Live vaccine,
32068074,abstract,Rev.1,False,Brucella melitensis,"Sheep, Goats",,,,,licensed,,,,
39709806,abstract,Brucella abortus S19 and RB51,False,Brucella abortus,Cattle,Cattle,Subcutaneous,,,licensed,,,,
27846274,abstract,,False,Brucella spp.,"Animals (including livestock), Humans",Mice,,,,research,,,"attenuated, inactivated, mutant, subunit, DNA, vectored",
31557626,abstract,Multi-epitope vaccine based on OMP2b and BCSP31 proteins,True,Brucella,Human,,,,,research,,"OMP2b protein, BCSP31 protein",Multi-epitope peptide vaccine,"omp2b, bcsp31"
34992597,abstract,Epitope-based subunit vaccine targeting Brucella abortus apolipoprotein N-acyltransferase (Int),True,Brucella abortus,"Human, animal (general, not specified)",C57BL/6 mice,,,,research,,Epitope from apolipoprotein N-acyltransferase (Int),Epitope-based subunit vaccine,apolipoprotein N-acyltransferase (Int)
38703567,abstract,pNZ8124-OMPs-Lactococcus lactis vaccine,False,Brucella abortus,Humans,"Mice (Inbred BALB/C, Female)",Oral administration,,,research,,Multi-epitope outer membrane proteins (OMPs),Live bacterial vector (Lactococcus lactis) expressing multi-epitope OMPs peptide,Multi-epitope plasmid (reverse vaccinology method)
9140553,abstract,Brucella abortus strain RB51 vaccine,False,Brucella abortus,Cattle,Cattle (Polled Hereford heifers),Injection (dose: 10^9 colony-forming units),"National Animal Disease Center, United States Department of Agriculture",,research,,Brucella abortus strain RB51,Live attenuated bacterial vaccine,
28916316,abstract,Brucella melitensis M5-90ΔmanB,False,Brucella melitensis,goats,BALB/c mice,,,,research,,ManB protein,live attenuated,manB
12238372,abstract,Brucella abortus strain RB51 vaccine,False,Brucella abortus,"Elk (Cervus elaphus), Bison (Bison bison)","Bighorn sheep (Ovis canadensis), Pronghorn (Antilocapra americana), Mule deer (Odocoileus hemionus), Moose (Alces alces shirasi), Coyotes (Canis latrans)",Oral,,,clinical,,Brucella abortus strain RB51,,
25899866,abstract,Brucella melitensis M5-90ΔwboA,False,Brucella melitensis,sheep,"mice (BALB/c), murine macrophages (RAW 264.7)",intramuscular,"College of Animal Science and Technology, Shihezi University",,research,,WboA,live attenuated,wboA deletion
40265107,abstract,Multiepitope Vaccine Candidate Against Brucella canis,True,Brucella canis,Dogs,"Mice, Dogs",,"Laboratory of Molecular Immunology, Department of Microbiology, Faculty of Biological Sciences, University of Concepción, Concepción, Chile",,research,,"Plasma membrane proteins, outer membrane proteins (OMPs), proteins with similarity to virulence factors; six selected B- and T-cell epitopes",Multiepitope construct assembled with flexible linkers and molecular adjuvants,
40411948,abstract,Brucella abortus vaccine,False,Brucella abortus,Cattle,Animals,,,,,,Lipopolysaccharide (LPS),,
24372253,abstract,Brucella live attenuated vaccine,True,Brucella spp.,"Animals (domestic animals, cattle)",Animals,Intramuscular (IM),,,research,,,Live attenuated,
38349167,abstract,Brucella abortus S19,False,Brucella melitensis,Animals,Mice,IM,,,licensed,,,Live attenuated,
39899236,abstract,Multivalent DNA Vaccine against Brucellosis,True,Brucella,Animals,"Mice (Female, Inbred BALB/C)",Intramuscular or subcutaneous injection,"Shemyakin and Ovchinnikov Institute of Bioorganic Chemistry, Russian Academy of Sciences; Agrovet Ltd, Moscow, Russia",,research,,Six Brucella proteins,Plasmid DNA complexes with linear polyethylenimine,
40841725,abstract,Multi-Epitope mRNA Vaccine against Brucella Type IV Secretion System,True,Brucella spp.,Humans,,mRNA delivered via lipid nanoparticles (LNPs),,,research,,"VirB2, VirB3, VirB6, BtpA (Type IV Secretion System proteins and effector protein)",Multi-epitope mRNA encapsulated in lipid nanoparticles,"Sequences encoding selected epitopes from VirB2, VirB3, VirB6, and BtpA"
40303105,abstract,Brucella melitensis Rev.1,False,Brucella melitensis,Sheep,Sheep,Intramuscular injection,,,licensed,,Live attenuated Brucella melitensis Rev.1 strain,Live attenuated vaccine,
26352261,abstract,Brucella abortus S19 and RB51,False,Brucella abortus,Cattle,"Cattle (female calves, aged 4 to 8 months)",Intramuscular,,,licensed,,Live attenuated Brucella abortus S19 or RB51 strains,Live attenuated bacterial vaccine,
1306918,abstract,Brucella abortus strain 19 and Brucella melitensis strain Rev. 1,False,"Brucella abortus, Brucella melitensis","Cattle, Sheep, Goats",,Injection (IM),,,licensed,,"Brucella abortus strain 19, Brucella melitensis strain Rev. 1",Live attenuated bacterial vaccine,
35416090,abstract,,False,"Brucella abortus, Brucella melitensis",Animals,,,,,,,,,
25218295,abstract,Influenza viral vector vaccine expressing Brucella L7/L12 or Omp16 proteins,True,Brucella abortus,Cattle (pregnant heifers),Cattle (pregnant heifers),Conjunctival or subcutaneous,"The Research Institute for Biological Safety Problems, Kazakhstan",,research,,"Brucella ribosomal L7/L12 protein, Brucella Omp16 protein",Influenza A viral vector expressing Brucella proteins with Montanide Gel01 adjuvant,"L7/L12, Omp16"
26341622,abstract,"RB51 gene deletion mutants (RB51ΔcydC, RB51ΔcydD, RB51ΔpurD, RB51ΔcydCΔcydD, RB51ΔcydCΔpurD)",True,"Brucella abortus, Brucella canis","Cattle, Dogs",BALB/c mice,Intraperitoneal injection,,,research,,Live-attenuated Brucella abortus RB51 mutants,"Live-attenuated mutants with gene deletions (ΔcydC, ΔcydD, ΔpurD, ΔcydCΔcydD, ΔcydCΔpurD)","cydC, cydD, purD"
32690632,abstract,"S19, 16MΔvjbR + Quil-A",False,Brucella melitensis,"Humans, animals (pregnant women, livestock)",Guinea pig,Intratracheal inoculation,,,research,,,"Live attenuated (S19, 16MΔvjbR) with Quil-A adjuvant",vjbR deletion (16MΔvjbR)
39457012,abstract,Rev1Δ fba Δ tal,False,Brucella melitensis,Sheep,Mice,Intramuscular,,,research,,Live-attenuated Brucella melitensis Rev1 strain with deleted fba and tal genes,Live-attenuated,"fba, tal"
12414166,abstract,Brucella abortus RB51,False,Brucella abortus,Cattle,,,,,licensed,,Live attenuated Brucella abortus RB51 strain,Live attenuated bacterial vaccine,
24994009,abstract,Brucella abortus 2308 Δery live vaccine,False,Brucella abortus,Cattle,Mice,Live attenuated (injection),,,research,,EryA antigen,Live attenuated mutant (Δery),ery promoter mutant
101226,abstract,Fraction F8 vaccine and killed whole-cell H38 vaccine,True,"Brucella abortus, Brucella melitensis",mouse,mouse,intraperitoneal injection,,,research,,"Fraction F8 (cell-wall extract from B. abortus 99), killed whole bacteria (B. melitensis 53 H38)",Fraction F8 with or without oil adjuvant; killed whole-cell H38 with or without oil adjuvant,
23219811,abstract,Brucella abortus wadC mutant vaccine,True,Brucella abortus,Cattle,Mice (Inbred BALB/C),,,,research,,"Lipopolysaccharide (truncated core, O-polysaccharide intact)",Live attenuated mutant,wadC (glycosyltransferase)
15099501,abstract,RB51,False,Brucella abortus,Cattle,"Cattle, Mice, Sheep, Goats","Oral (full dose), Subcutaneous (reduced dose)",,,licensed,,Rough attenuated mutant lacking O-polysaccharide,Live attenuated rough mutant,manBcore (rfbK) mutant
22169089,abstract,16 MΔvjbR and S19ΔvjbR,False,Brucella melitensis and Brucella abortus,Humans and animals,"IRF-1(-/-) mice, immunocompetent mice, deer",Inoculation (live attenuated),,,research,,vjbR mutant strains of Brucella melitensis 16 M and Brucella abortus S19,Live attenuated mutant strains,vjbR
35447245,abstract,Brucella abortus A19,False,Brucella abortus,Animals,,Live attenuated,,,licensed,,,,"ABC transporter permease protein, LysR family transcriptional regulator, outer membrane, MFS transporter, oxidoreductase"
38586904,abstract,Brucella Vaccine,False,Brucella melitensis,Mice,"Mice, Inbred BALB C",,,,research,,"Antibodies, Bacterial",,gluP
27537413,abstract,Live Attenuated Vaccines against Brucellosis and Bovine Tuberculosis,True,"Brucella spp., Mycobacterium bovis","Humans, animals (cattle, goats, sheep, bison)","Mice, cattle, goats, sheep, bison","Intramuscular, subcutaneous, oral, intraperitoneal, aerosol",,,research,,"Live attenuated strains (e.g., Brucella abortus S19, RB51, Brucella melitensis Rev.1, Mycobacterium bovis BCG, deletion mutants)","Live attenuated organisms, sometimes microencapsulated or delivered in sustained-release vehicles","Various gene deletions (e.g., vjbR, wbkC, znuA, htrA, mucR, mce2, p27-p55, RD1, P39, pgm, phosphoglycerate kinase, ABC transporter, virB operon)"
26048781,abstract,"Brucella abortus live vaccine (RB51, S19)",False,Brucella abortus,Cattle,Mice,IM,,,licensed,,,live vaccine,
29023541,abstract,Flu-BA vaccine,False,Brucella melitensis,sheep and goats,pregnant sheep and goats,subcutaneous and conjunctival routes,"Research Institute for Biological Safety Problems, Republic of Kazakhstan; Vaxine Pty Ltd and Flinders University, Australia",,research,,"Brucella Omp16, L7/L12, Omp19, SOD proteins","influenza viral vector expressing Brucella proteins, administered with 20% Montanide Gel01 adjuvant","Omp16, L7/L12, Omp19, SOD genes from Brucella"
8890203,abstract,Brucella abortus RB51,False,Brucella abortus,mouse,mouse (Inbred BALB/C),"oral, intraperitoneal","USDA Agriculture Research Service, National Animal Disease Center",,research,,surface antigens of intact SRB51 bacteria,live attenuated bacterial vaccine (strain RB51),
37561685,abstract,Multi-epitope vaccine candidate against Brucella type IV secretion system (T4SS),True,Brucella,Humans,Animals,,"The First Affiliated Hospital of Xinjiang Medical University, Xinjiang, China",,research,,Type IV secretion system proteins VirB8 and VirB10,Multi-epitope subunit vaccine,"VirB8, VirB10"
38809331,abstract,RB51 and REV1 vaccines,False,Brucella abortus and Brucella melitensis,"Animals (livestock, sheep, goats)",Animals,,,,licensed,,,,
31509762,abstract,,True,Brucella abortus,Cattle,,,,,research,,"ABC transporter permease, acriflavine resistance protein B, penicillin-binding protein 2",,
32535086,abstract,,False,Brucella,Humans,Animals,IM,,,research,,,,
7650203,abstract,Brucella abortus vaccine strains S19 and RB51,False,Brucella abortus,Cattle,Cattle,,,,,,,,
18423950,abstract,Brucella melitensis Rev 1,False,Brucella melitensis,Sheep (rams),Sheep (rams),Subcutaneous or conjunctival vaccination,,,licensed,,,Live attenuated vaccine,
21446957,abstract,,False,Brucella melitensis,sheep and goats,Escherichia coli M15 (pREP4),,"College of Veterinary Medicine, Nanjing Agricultural University, Nanjing, P R China",,research,,truncated recombinant bp26 protein,purified recombinant protein,bp26
22439440,abstract,Brucella abortus strain RB51 vaccine,False,Brucella abortus,Cattle,Cross bred cattle calves,IM,,,research,,acetone killed strain RB51 antigen,,
3836306,abstract,Brucella melitensis Rev 1 vaccine,False,Brucella melitensis,Sheep,Sheep (ram lambs),Injection (IM),,,licensed,,,,
27595898,abstract,Flu-BA,False,Brucella abortus,Cattle (pregnant heifers),Cattle (pregnant heifers),Simultaneous subcutaneous and conjunctival administration,"The Research Institute for Biological Safety Problems, Kazakhstan",,research,,Brucella abortus antigen expressed by influenza viral vector,Influenza viral vector-based vaccine,
28482164,abstract,Brucella melitensis M5-90Δbp26,False,Brucella melitensis,"Animals (livestock, sheep)","Mice (BALB/c), human placenta trophoblastic 8 cells",IM,"Shihezi University, College of Animal Science and Technology",,research,,Brucella melitensis M5-90Δbp26 (lacking BP26 protein),live attenuated vaccine,bp26 gene (deleted)
23592643,abstract,pCISP41 DNA vaccine,True,Brucella melitensis,Human,Mice (BALB/c),Intramuscular injection,,,research,,SP41 (41 kDa surface protein from Brucella melitensis),DNA vaccine (plasmid construct pCISP41),SP41 gene from Brucella melitensis
40106936,abstract,Brucella abortus strain RB51 vaccine,False,Brucella abortus,Elk,Elk,Conjunctival,"National Animal Disease Center, Agricultural Research Service, United States Department of Agriculture",,research,,Brucella abortus strain RB51,,
34807952,abstract,Brucella abortus S19-GFP,False,Brucella abortus,Cattle,Mice,Subcutaneous or conjunctival,,,research,,"Smooth lipopolysaccharide (S-LPS), Green Fluorescent Protein (GFP)",Live attenuated Brucella abortus S19 strain constitutively expressing GFP,Green Fluorescent Protein (GFP) gene inserted in chromosome II
22461528,abstract,Brucella abortus strain RB51 vaccine,False,Brucella abortus,Bison (Bison bison),Bison (Bison bison),"Hand vaccination, dart vaccination, booster vaccination",,,research,,Brucella abortus strain RB51,Live attenuated bacterial vaccine (1.1 × 10^10 to 2.2 × 10^10 CFU),
40645225,abstract,A19-ΔVirB12 vaccine,False,Brucella abortus,Cattle,Cattle,Intramuscular,"Institute of Veterinary Research, Xinjiang Academy of Animal Science",,research,,VirB12 gene-deleted Brucella abortus A19 strain,Live attenuated bacterial vaccine (gene-deleted strain),VirB12
18648644,abstract,Brucella melitensis lipopolysaccharide rough mutants,True,Brucella melitensis,"Sheep, Goat",Mice,"Intraperitoneal, Subcutaneous",,,research,,Lipopolysaccharide rough mutants (defective in core and O-polysaccharide synthesis and export),Live attenuated rough mutants,"Genes involved in core and O-polysaccharide synthesis and export (e.g., wboA, wbk)"
30593355,abstract,Brucella Nasal Vaccine (BNV),False,Brucella,Mouse,BALB/c mice,Intranasal,,,research,,"sodC, omp19, BLS, PrpA",Chitosan-based subunit vaccine with or without Brucella LPS,"sodC, omp19, BLS, PrpA"
17028213,abstract,Brucella abortus strain RB51 (SRB51) and strain 19 (S19),False,Brucella abortus,Elk (Cervus elaphus nelsoni),Elk (Cervus elaphus nelsoni),Injection,,,research,,Brucella abortus strain RB51 and strain 19,Live attenuated bacterial vaccine,wboA gene (interrupted in RB51)
26690090,abstract,Brucella Vaccine,False,Brucella spp.,"Cattle, sheep, goats",,IM,,,,,,,
35236406,abstract,Brucella melitensis H38ΔwbkF rough mutant,False,Brucella ovis,Sheep (rams),"Mice, Sheep (rams)","Live attenuated vaccine (likely intramuscular or subcutaneous, but not explicitly stated)",,,research,,Brucella melitensis H38ΔwbkF rough mutant with intact LPS core,Live attenuated rough mutant,wbkF deletion
27938677,abstract,Flu-BA,False,"Brucella abortus, Brucella melitensis","sheep, goats","sheep, goats",IM,"The Research Institute for Biological Safety Problems, Kazakhstan",,research,,Brucella Omp16 and L7/L12 proteins,influenza viral vector based Brucella abortus vaccine with Montanide Gel01 adjuvant,
22727892,abstract,NLX + alum + heat-killed Brucella melitensis 16 M,True,Brucella melitensis,humans and animals,mice (Inbred BALB/C),intraperitoneal,,,research,,heat-killed Brucella melitensis 16 M,heat-killed Brucella melitensis 16 M with naloxone and alum adjuvants,
13596891,abstract,Streptomycin-non-dependent Brucella melitensis vaccine,True,Brucella melitensis,Goats,Rabbits,Injection,,,research,,Brucella melitensis cells (heat-killed and living),Heat-killed and living cells,
24950353,abstract,pVaxL9,False,Brucella abortus,Human,BALB/c mice,"Intramuscular injection, in vivo electroporation, prime-boost vaccination","Defence Research & Development Establishment, Gwalior, Madhya Pradesh, India",,research,,ribosomal protein L9,Plasmid DNA vaccine,L9 gene
23837378,abstract,Live attenuated brucellosis vaccine,False,"Brucella melitensis, Brucella abortus, Brucella suis","Domestic livestock, wildlife reservoirs",,Injection (IM),,,licensed,,Live attenuated Brucella,Live attenuated,
32543112,abstract,Brucella abortus A19 live attenuated vaccine,False,Brucella abortus,Animals,,Intramuscular,,,licensed,,,Live attenuated,ABC transporter permease gene
27496742,abstract,BLSOmp31-P407-Ch,False,Brucella ovis,sheep,rams,conjunctival immunization,Inmunova S.A.,,research,,BLSOmp31 (Brucella ovis outer membrane protein 31),thermoresponsive and mucoadhesive in situ gel composed of Poloxamer 407 and chitosan,
10939042,abstract,Brucella abortus 19,False,Brucella abortus,Cattle,Cattle,,,,licensed,,"Heat-shock proteins (hsp 60, hsp 70)",,
30661832,abstract,Salmonella-based Brucella vaccine candidate,True,Brucella,Guinea pig (pregnant),Guinea pig,Intraperitoneal injection,"College of Veterinary Medicine, Chonbuk National University, Iksan, Republic of Korea",,research,,Four Brucella antigens,Live rough Salmonella vector delivering Brucella antigens,
19176693,abstract,"Brucella abortus strain RB51 and RB51+sodC,wboA",False,Brucella abortus,Bison,Bison,Injection,,,research,,Brucella abortus RB51; RB51 overexpressing superoxide dismutase (sodC) and glycosyltransferase (wboA),Live attenuated bacterial vaccine,"sodC, wboA"
7806364,abstract,Brucella abortus 19 (S19) and RB51 (SRB51),False,Brucella abortus,,Mice (Inbred BALB/C),,,,research,,"Bacterial proteins (106 to 18 kDa), Lipopolysaccharide (LPS) O-antigen-deficient mutant",Live attenuated bacteria,
36930131,abstract,Multi-epitope vaccine based on Omp19 and Omp25 proteins,True,Brucella,Humans,,,,,research,,Omp19 and Omp25 proteins (outer membrane proteins of Brucella),Multi-epitope peptide vaccine,Omp19 and Omp25
15039330,abstract,pcDNA-SOD DNA vaccine,False,Brucella abortus,Mouse,BALB/c mice,intraspleen injection,,,research,,Cu-Zn superoxide dismutase (SOD),plasmid DNA encoding SOD gene,SOD gene
25274621,abstract,Brucella abortus S19 vaccine,False,Brucella abortus,Cattle (bovines),,Conjunctival route,,,research,,Brucella abortus S19,"Live attenuated vaccine, reduced dose",
11553569,abstract,pCIBFR and pCIP39 DNA vaccines,True,Brucella spp. (specifically Brucella abortus),mouse,BALB/c mice,intramuscular injection,,,research,,bacterioferritin (BFR) and P39 proteins,DNA plasmid encoding BFR or P39,"bacterioferritin gene, P39 gene"
32965738,abstract,Brucella ovis ∆abcBA (Bo∆abcBA),False,Brucella melitensis,"Sheep, goats (implied by brucellosis context, but tested in mice)",Mice (Inbred BALB/c),Encapsulated with alginate or alginate plus vitelline protein B (VpB),,,research,,Live attenuated Brucella ovis ∆abcBA strain,Encapsulated live attenuated strain with alginate or alginate plus VpB,"abcBA (ATP-binding cassette transporter gene, deleted in the vaccine strain)"
17570767,abstract,"Combined DNA vaccine encoding BCSP31, SOD, and L7/L12",False,Brucella abortus,,Mice (Inbred C57BL),,"The National Laboratory of Protein Engineering and Plant Genetic Engineering, Peking University, Beijing, China",,research,,"BCSP31, Superoxide Dismutase (SOD), L7/L12",DNA vaccine,"BCSP31, SOD, L7/L12"
37276346,abstract,pNZ8148-Usp45-omp25-Lactococcus lactis oral vaccine,True,Brucella abortus,"Animals (mice, potential for livestock)",Mice (BALB/c),Oral,,,research,,omp25 protein,Live recombinant Lactococcus lactis expressing omp25,omp25
33582483,abstract,Brucella abortus vaccine strain A19,False,Brucella abortus,Livestock,Mice,,"Shanghai Veterinary Research Institute, Chinese Academy of Agricultural Sciences (CAAS)",,licensed,China,"Attenuated Brucella abortus A19 strain (reduced LPS O-antigen, altered OMPs)",Live attenuated vaccine,
31009310,abstract,Killed Brucella abortus vaccine compounded with montmorillonite clay,True,Brucella abortus,Rocky Mountain elk (Cervus canadensis),"BALB/c house mice (Mus musculus), Rocky Mountain elk (Cervus canadensis)","Mucosal (oral, nasal, conjunctival, gastrointestinal)","National Wildlife Research Center, Veterinary Services, Animal and Plant Health Inspection Service, US Department of Agriculture",,research,,Killed Brucella abortus,Killed B. abortus compounded with montmorillonite clay,
15246618,abstract,Brucella melitensis Rev.1 bp26 and omp31 deletion mutants,True,"Brucella melitensis, Brucella ovis",sheep,mice (BALB/c),,"Laboratoire de Pathologie Infectieuse et Immunologie, Institut National de la Recherche Agronomique",,research,,"BP26 protein, Omp31 protein",live attenuated single and double gene deletion mutants,"bp26, omp31"
8915438,abstract,Brucella abortus strain RB51,False,Brucella abortus,Bison (Bison bison),Bison (Bison bison),subcutaneous (SC) injection,"USDA, Agricultural Research Service, National Animal Disease Center",,research,,Brucella abortus strain RB51 antigen,live attenuated bacterial vaccine,
6419766,abstract,Brucella Vaccine,False,Brucella abortus,Mouse,"Mice, Inbred Strains",Intraperitoneal (i.p.) or Intravenous (i.v.) injection,,,research,,"Protein-bound cell wall peptidoglycan (PG) fractions, Lipopolysaccharide (LPS) fraction, killed Brucella, attenuated living Brucella","Killed and attenuated living vaccines, protein-bound cell wall peptidoglycan fractions, lipopolysaccharide fraction",
16372886,abstract,Brucella Vaccine,False,"Brucella abortus, Brucella melitensis, Brucella suis, Brucella ovis","Animals, Domestic",,IM,,,,,,,
29984663,abstract,Omp16 epitope-based vaccine,True,Brucella,"Humans, Animals",,,,,research,,Omp16 (Outer Membrane Protein 16) epitopes,epitope-based subunit vaccine,Omp16
38190394,abstract,Brucella Vaccine,False,Brucella spp.,Livestock,Animals,IM,CZ Vaccines Zendal Group,,licensed,,"Attenuated Brucella strains (e.g., Brucella melitensis Rev.1, Brucella abortus S19, Brucella abortus RB51)",Live attenuated,
21530111,abstract,16MΔvjbR,False,Brucella melitensis,Animals,Mice (BALB/c),Intramuscular (IM),,,research,,VjbR protein,Live attenuated vjbR deletion mutant,vjbR
19757581,abstract,Brucella abortus strain RB51 (SRB51) vaccine,False,Brucella abortus,Cattle,Cattle (Hereford heifers),Subcutaneous injection,,,licensed,newly approved,Brucella abortus strain RB51 (live attenuated),Live attenuated bacterial vaccine (10^9 or 10^10 CFU per dose),
8593404,abstract,Brucella melitensis Rev. 1 strain vaccine,False,Brucella melitensis,Camelus (camels),,subcutaneous injection,,,licensed,,Brucella melitensis Rev. 1 strain (live attenuated),live attenuated bacterial suspension (1-2 x 10^9 or 1-2 x 10^6 viable organisms in 1 ml),
23659743,abstract,Brucella suis strain 353-1 vaccine,True,Brucella suis,swine,swine,"conjunctival, intramuscular (IM)","Bacterial Diseases of Livestock Research Unit, National Animal Disease Center, Agricultural Research Service, U.S. Department of Agriculture",,research,,natural rough mutant of Brucella suis strain 353-1,live attenuated rough mutant bacterial vaccine,
8027313,abstract,Brucella abortus strain 19 and RB51,False,Brucella abortus,Cattle,Cattle,,,,,,Lipopolysaccharide O-antigen (for strain 19); O-antigen-deficient mutant (for RB51),,
20943881,abstract,Brucella abortus strain RB51 (RB51) vaccine,False,Brucella abortus,Cattle,Cattle,Conjunctival,,,licensed,,Brucella abortus strain RB51,Live attenuated bacterial vaccine (2 × 10^10 CFU),
37225948,abstract,Brucella abortus S19 and RB51 vaccines,False,Brucella abortus,Cattle (heifers),,Injection,,,licensed,,"Live attenuated Brucella abortus (S19, RB51)",Live attenuated vaccine,
26616550,abstract,BA15ΔcydCΔcydD and BA15ΔcydCΔpurD live attenuated Brucella abortus vaccine,True,Brucella abortus,Bovine,Mice (BALB/c),Injection,"Kangwon National University, College of Veterinary Medicine and Institute of Veterinary Science",,research,,Live attenuated Brucella abortus double-mutants (ΔcydCΔcydD and ΔcydCΔpurD),Live attenuated bacterial vaccine,"cydC, cydD, purD"
30837598,abstract,OMP31 Epitope Peptide Vaccine,True,Brucella melitensis,Mouse,BALB/c mice,Intranasal,,,research,,"OMP31 peptides (T-cell, B-cell, and TB epitopes)",Synthetic peptides containing T-cell and B-cell epitopes of OMP31,omp31
21479842,abstract,RB51 vaccine,False,Brucella abortus,water buffalo (Bubalus bubalis),cattle,,,,,,,,
30145690,abstract,Conjunctival Brucella vaccine,False,Brucella melitensis,Sheep,Sheep,Conjunctival,,,research,,,,
18675869,abstract,Brucella melitensis B115,False,"Brucella melitensis, Brucella ovis","Sheep, goats",Mice (Inbred BALB/C),Intramuscular (IM),"Dipartimento di Sanità Alimentare ed Animale, Istituto Superiore di Sanità, Rome, Italy",,research,,"Brucella melitensis B115 rough strain (attenuated, O-PS not exposed)","Live, attenuated rough strain",
26093199,abstract,Influenza viral vector Brucella abortus (Flu-BA) vaccine,False,"Brucella abortus, Brucella melitensis",Cattle (pregnant heifers),Cattle (pregnant heifers),Intramuscular (IM),"The Research Institute for Biological Safety Problems, Zhambulskaya oblast, Kordaiskiy rayon, Kazakhstan",,research,,Brucella ribosomal proteins L7/L12 or Omp16,Influenza viral vector expressing Brucella antigens with adjuvant Montanide Gel01,"Brucella ribosomal protein L7/L12 gene, Omp16 gene"
34049112,abstract,Rev1 vaccine,False,Brucella melitensis,Sheep and goats,,Conjunctival,,,licensed,,,,
16177328,abstract,pCIOmp31 DNA vaccine,False,"Brucella melitensis, Brucella ovis",,BALB/c mice,intramuscular injection,,,research,,Brucella outer membrane protein 31 (Omp31),DNA vaccine (Omp31 gene cloned in pCI plasmid),omp31
18414589,abstract,Brucella abortus strain RB51 vaccine,False,Brucella abortus,Cattle,Cattle,Intramuscular (IM),,,licensed,Italian Ministry of Health Decreto n. 651 del 27 agosto. 1994,Brucella abortus strain RB51,Live attenuated bacterial vaccine,
27771184,abstract,Brucella abortus S19 vaccine,False,Brucella melitensis,dairy cattle,,,"""Hachaklait"", Mutual Society for Veterinary Services; Kimron Veterinary Institute",,licensed,,,,
8698463,abstract,deltapurE201 Brucella melitensis mutant vaccine,True,Brucella melitensis,goat,goat,subcutaneous,"National Animal Disease Center, U.S. Department of Agriculture",,research,,Brucella melitensis deltapurE201 mutant,live attenuated bacterial mutant,purE deletion
3148291,abstract,Brucella abortus strain 19 vaccine,False,Brucella abortus,Cattle,Mice,Subcutaneous,,,licensed,,Brucella lipopolysaccharide,Live attenuated,
28533142,abstract,"Rev-1, RB-51",False,"Brucella melitensis, Brucella abortus",,rat,intraperitoneal injection,,,,,,,
24941369,abstract,Brucella suis S2,False,Brucella suis,Cattle,,,,,licensed,,repA-related protein,,repA-related gene
9234451,abstract,Brucella melitensis Rev 1 vaccine,False,Brucella melitensis,sheep and goats,mice,subcutaneous and conjunctival,,,licensed,,live Brucella melitensis Rev 1 strain,live attenuated,
8296481,abstract,Brucella suis strain 2 (S2) vaccine,False,Brucella ovis,Sheep (rams),Sheep (Aragonesa rams),Conjunctival,,,research,,Live Brucella suis strain 2,Live attenuated bacterial vaccine,
15861878,abstract,Brucella melitensis Rev. 1,False,Brucella melitensis,"Sheep, Goats",,Injection,,,licensed,,,"Live attenuated vaccine, dose of 1 x 10^5 to 1-2 x 10^9 CFU",
817437,abstract,45/20 Brucella abortus vaccine,False,Brucella abortus,Cattle,Cattle,Intramuscular (IM),,,,,Saline extract antigen prepared from strain 45/20 Brucella abortus,Saline extract antigen,
16697090,abstract,BMDeltaasp24 and BMDeltavirB2,False,Brucella melitensis,Goat,Goat,IM,,,research,,,Unmarked deletion mutant live vaccine,"asp24, virB2"
38633148,abstract,Brucella abortus vaccine (RB51),False,Brucella abortus,Camelus (camels),Camelus (camels),subcutaneous injection (S/C),,,research,,RB51 strain (rough strain of Brucella abortus),"live attenuated bacterial vaccine, 1 dose/2 ml containing 3 × 10^10 CFU",
3119851,abstract,Brucella abortus strain 19 vaccine (reduced-dose),False,Brucella abortus,Cattle,Cattle,Intramuscular (IM),,,licensed,,Brucella abortus strain 19,Live attenuated (reduced-dose),
38652965,abstract,Gold nanoparticle-Brucella abortus antigen conjugate,True,Brucella abortus,Animals,Mice (Inbred BALB/c),"Immunization (likely intramuscular or subcutaneous, not specified)","Institute of Biochemistry and Physiology of Plants and Microorganisms, Saratov Scientific Centre of the Russian Academy of Sciences (IBPPM RAS)",,research,,Brucella abortus antigen,Gold nanoparticles (15 nm) conjugated with Brucella abortus antigen,
14998310,abstract,Brucella melitensis Rev 1 vaccine (reduced-dose),False,Brucella melitensis,Goat,Goat,Conjunctival,,,research,,Brucella melitensis Rev 1,"Live attenuated, reduced-dose (1 x 10^5 cfu)",
22284623,abstract,Brucella abortus strain 19 (S19) vaccine,False,Brucella abortus,Buffalo (Bubalus bubalis) female calves,Buffalo (Bubalus bubalis) female calves,Intramuscular (IM),,,licensed,,Brucella abortus strain 19,,
30375177,abstract,Brucella melitensis Rev1::gfp,False,Brucella melitensis,sheep,"mice, sheep","subcutaneous, conjunctival",,,research,,live-attenuated Brucella melitensis Rev1 expressing Green Fluorescent Protein (GFP),"live-attenuated bacterial vaccine, GFP-tagged strain, sometimes combined with recombinant GFP",mini-Tn7-gfp inserted in glmS-recG chromosomal region
19186196,abstract,Brucella melitensis Rev 1 and Brucella melitensis rough mutants,True,Brucella melitensis,sheep,sheep,,,Freeze Drying,research,,lipopolysaccharide (core and O-polysaccharide),,
31064674,abstract,Oil adjuvant killed Brucella melitensis vaccine,False,Brucella melitensis,Mice,Mice (Inbred BALB/c),,,,research,,Killed Brucella melitensis,"Oil adjuvant, inactivated (killed) vaccine",
31951645,abstract,znBAZ,False,Brucella abortus,human,"mice (Inbred BALB/c, Inbred C57BL)","oral prime, nasal boost (mucosal vaccination)",,,research,,Brucella abortus double mutant (ΔnorD ΔznuA),live attenuated double mutant,"ΔnorD, ΔznuA"
12075822,abstract,HS-PEC microparticle vaccine,True,Brucella ovis,,Mice (murine monocytes J774.2),"Microparticles (polyester-based), intramuscular (IM)","Departamento de Farmacia y Tecnología Farmacéutica, Universidad de Navarra, Pamplona, Spain",,research,,Antigenic complex from Brucella ovis (HS),"Microparticles using poly-lactide-co-glycolide acid (PLGA, RG 756) or poly-epsilon-caprolactone (PEC)",
22297422,abstract,Brucella abortus strain RB51 vaccine,False,Brucella abortus,water buffalo (Bubalus bubalis),water buffalo (Bubalus bubalis),intramuscular,,,research,,Brucella abortus strain RB51,,
31767087,abstract,Rough Brucella neotomae live-attenuated vaccine,True,Brucella suis,Mouse,Mouse,Intramuscular (IM),,,research,,Brucella neotomae lacking O-side chain in lipopolysaccharide (LPS),"Live-attenuated, rough phenotype",wboA (glycosyltransferase) gene deletion
21768283,abstract,ΔznuA Brucella melitensis vaccine,False,Brucella melitensis,Human,"Mice (BALB/c, IFN-γ(-/-))",Oral,,,research,,"Live, attenuated Brucella melitensis ΔznuA mutant","Live, attenuated bacterial vaccine","znuA (zinc transport gene, deleted)"
9027704,abstract,Brucella abortus strain RB51 and strain 19,False,Brucella abortus,Bison (Bison bison),Bison (Bison bison),Intramuscular (IM),"U.S. Department of Agriculture, Brucellosis Research Unit, National Animal Disease Center",,clinical,,Brucella abortus strain RB51 and strain 19,,
828049,abstract,45/20 vaccine,False,Brucella abortus,Cattle,Cattle,subcutaneous,,,research,,,killed adjuvant,
25939375,abstract,Recombinant Brucella urease (rUrease) subunit vaccine,True,"Brucella abortus, Brucella melitensis, Brucella suis",Humans,BALB/c mice,"Subcutaneous, Intraperitoneal",,,research,,Recombinant Brucella urease,Subunit vaccine (recombinant protein),"urease gene (cloned in pET28a, GENBANK AFK76472, JQ965699)"
11732416,abstract,Brucella abortus strain RB51,False,Brucella melitensis,Sheep,Sheep,Subcutaneous injection,,,clinical,,"Brucella abortus strain RB51 (rough strain, lacking O-side chain of lipopolysaccharide)",Live vaccine,
25320267,abstract,Thermostable cross-protective subunit vaccine against Brucella species,False,"Brucella species (B. abortus, B. melitensis, B. suis)",Humans,Mice,Injection (single immunization),"Defence Research and Development Canada (DRDC), Suffield Research Centre, Medicine Hat, Alberta, Canada","Thermostable (heat treatment, boiling-water bath, autoclaving)",research,,Polysaccharide (PS) antigens from Brucella suis 145 (A antigen of B. abortus and M antigen of B. melitensis),"Subunit vaccine (mostly polysaccharide >90% [wt/wt], small amount of protein 1-3%, no nucleic acids, cell-associated and exo-polysaccharide combined)",
36263034,abstract,znBM-mC,False,Brucella melitensis,"Humans, Animals",Mice,"oral prime, intranasal boost",,,research,,,live attenuated,
37036290,abstract,Brucella abortus double-mutant (ΔznuA ΔnorD Brucella abortus-lacZ [znBAZ]),False,Brucella abortus,Mammals (potentially humans and livestock),Mice (Inbred BALB/c),Nasal (intranasal),,,research,,Live attenuated Brucella abortus double-mutant (ΔznuA ΔnorD),Live attenuated bacterial vaccine,ΔznuA ΔnorD mutations in Brucella abortus-lacZ
15963819,abstract,Brucella abortus strain RB51 vaccine,False,Brucella abortus,water buffalo (Bubalus bubalis),water buffalo (Bubalus bubalis),injection,,,research,,cytoplasmic proteins from B. melitensis B115 (brucellergene),live attenuated vaccine (RB51),
33593447,abstract,Recombinant Influenza Viral Vector (rIVV) Brucella Vaccine,True,Brucella melitensis,Humans,Guinea pigs,"Intranasal, conjunctival, sublingual","Research Institute for Biological Safety Problems, Kazakhstan",,research,,"Brucella outer membrane proteins (Omp16, Omp19), L7/L12, Cu-Zn SOD",Recombinant influenza viral vectors (H5N1 subtype) expressing Brucella antigens,"Omp16, Omp19, L7/L12, Cu-Zn SOD"
1557898,abstract,Brucella melitensis strain Rev 1 vaccine,False,Brucella melitensis,sheep,sheep,subcutaneous or conjunctival,,,research,,Brucella melitensis smooth lipopolysaccharide (S-LPS),,
24716528,abstract,Influenza viral vector vaccine expressing Brucella OMP16 or L7/L12 proteins,True,Brucella abortus,Cattle,"Mice, Guinea pigs","Intranasal, conjunctival, subcutaneous","The Research Institute for Biological Safety Problems, Republic of Kazakhstan",,research,,"Brucella ribosomal protein L7/L12, Brucella outer membrane protein Omp16","Recombinant influenza A viral constructs (H5N1 or H1N1) expressing Brucella proteins, monovalent or bivalent formulations","Brucella L7/L12 gene, Brucella Omp16 gene"
41499854,abstract,Brucella melitensis vaccine strain M5-90,False,Brucella melitensis,Animals,"Mice, Guinea Pigs",Subcutaneous,"Harbin Veterinary Research Institute, Chinese Academy of Agricultural Sciences",,research,,,Live attenuated,
21708998,abstract,Brucella melitensis 16MΔmucR,False,Brucella melitensis,Human,BALB/c mice,Intraperitoneal injection,,,research,,Live attenuated Brucella melitensis 16MΔmucR mutant,Live attenuated mutant (BMEI 1364),mucR (BMEI 1364) deletion
15005547,abstract,Brucella abortus strain 19 vaccine,False,Brucella abortus,Buffalo calves,Guinea pigs,,,,research,,Brucella abortus strain 19,Live attenuated vaccine containing 7 x 10^10 viable organisms,
8723881,abstract,VTRM1 and VTRS1,False,"Brucella spp (including Brucella melitensis, Brucella suis, Brucella abortus, Brucella ovis)",,BALB/c mice,"live attenuated (intramuscular, IM)",,,research,,rough mutants derived from Brucella melitensis 16M and Brucella suis 2579 (biovar 4),live VTRM1 or VTRS1; killed cells in QS-21 adjuvant,"rfbU gene (mannosyltransferase, disrupted by Tn5)"
30569140,abstract,pCDNA-BvrR DNA vaccine,True,Brucella (Brucella abortus),Human,Mouse (BALB/c),Intramuscular injection,,,research,,BvrR protein,DNA vaccine (recombinant plasmid pCDNA3.0 encoding BvrR gene),BvrR gene
29929362,abstract,Salmonella Typhimurium delivery-based combination vaccine expressing Brucella antigens,True,Brucella abortus,goats,goats,subcutaneous injection,"College of Veterinary Medicine and Korea Zoonosis Research Institute, Chonbuk National University, Korea",,research,,"Brucella lumazine synthase (BLS), proline racemase subunit A (PrpA), outer-membrane protein 19 (Omp19), Cu/Zn superoxide dismutase (SOD)",attenuated Salmonella Typhimurium vector expressing four Brucella antigens,"BLS, PrpA, Omp19, SOD"
29249316,abstract,Recombinant attenuated Salmonella Typhimurium vector delivering Brucella immunogenic proteins formulated with Brucella abortus lipopolysaccharide,True,Brucella abortus,Human,Guinea pig,Live attenuated Salmonella Typhimurium vector,"College of Veterinary Medicine, Chonbuk National University, Republic of Korea",,research,,"Brucella immunogenic proteins SOD, Omp19, BLS, PrpA; Brucella abortus lipopolysaccharide","Live attenuated Salmonella Typhimurium vector expressing Brucella proteins, formulated with purified Brucella abortus lipopolysaccharide","SOD, Omp19, BLS, PrpA"
25723468,abstract,rL7/L12-TOmp31,False,"Brucella melitensis, Brucella abortus",Human,BALB/c mice,IM,Pasteur Institute of Iran,,research,,"L7/L12, Truncated Omp31 (TOmp31)","recombinant fusion protein, subunit vaccine",
33631554,abstract,Brucella melitensis Rev.1 ΔOmp19,False,Brucella melitensis,"sheep, goats, cattle",mouse,IM,,,research,,Omp19 protein,"live attenuated, marker vaccine (DIVA)",Omp19 gene deletion
12761107,abstract,"Brucella abortus rough lipopolysaccharide (LPS) mutant vaccines (e.g., wbkA, per, manB(core), wa** mutants)",True,"Brucella abortus, Brucella ovis","Cattle, sheep",Mice (BALB/c),,,,research,,Rough lipopolysaccharide (LPS) mutants lacking O-polysaccharide and/or core epitopes,Live attenuated mutants generated by transposon insertion into LPS biosynthesis genes,"wbkA (putative glycosyltransferase), per (perosamine synthetase), manB (phosphomannomutase), wa** (putative glycosyltransferase)"
8641749,abstract,Brucella abortus strain RB51 (SRB51) vaccine,False,Brucella abortus,Cattle,Cattle,,"Brucellosis Research Unit, National Animal Disease Center, USDA Agriculture Research Service",,research,,"32-, 27-, 18-, and <18-kDa proteins of Brucella abortus RB51 and 2308",,
9270127,abstract,Brucella melitensis Rev.1 and Brucella abortus B19 vaccine,False,"Brucella abortus, Brucella melitensis",Cattle,,Subcutaneous injection,,,licensed,,,Live attenuated vaccine (Rev.1: 5 x 10^9 viable organisms; B19: 5 x 10^10 viable organisms),
2930135,abstract,Brucella melitensis H.38 vaccine; Brucella melitensis Rev.1 vaccine,False,Brucella melitensis,Sheep,Sheep,Intramuscular,"INRA, Station de pathologie de la reproduction, Unité de pathologie infectieuse ovine, Monnaie, France",,licensed,,,Killed and adjuvanted (H.38); Live (Rev.1),
27075847,abstract,Brucella abortus strain A19,False,Brucella abortus,Cattle,,IM,,,licensed,,,,
16713034,abstract,Brucella abortus strain RB51 vaccine,False,Brucella abortus,Cattle (heifers),Cattle (heifers),Subcutaneous injection,,,research,,Brucella abortus strain RB51,Live attenuated bacterial vaccine (rough strain RB51),
30009764,abstract,,True,Brucella,Cattle,,,,,research,,,,
24370708,abstract,Brucella melitensis M5-90 vaccine,False,Brucella melitensis,Sheep (Chinese merino and Kazak sheep),Sheep,,,,licensed,Licensed for animal use in China,"BP26 protein, OMP31 protein",Attenuated live vaccine,"BP26, OMP31"
7625115,abstract,Brucella melitensis Rev. 1 live vaccine,False,Brucella melitensis,Sheep (Ewes),Sheep (Ewes),Conjunctival,,,research,,Brucella melitensis Rev. 1 strain,Live vaccine,
30707922,abstract,CP/Omp31,False,Brucella melitensis,Humans,Mice (Inbred BALB/C),"Nanoparticle-based delivery (calcium phosphate, aluminum hydroxide, chitosan nanoparticles)",,,research,,"Omp31 protein, Brucella melitensis","Omp31 protein loaded onto calcium phosphate, aluminum hydroxide, or chitosan nanoparticles",omp31
26150246,abstract,,True,Brucella abortus,"Humans, animals",Mice (BALB/c),"PLG microparticles (entrapped or adsorbed), plasmid DNA vaccine via in vivo electroporation","Defence Research & Development Establishment, Gwalior, India",,research,,MHC-I and MHC-II restricted T cell epitopes (peptides) of Brucella abortus,Peptides entrapped or adsorbed on poly DL-lactide-co-glycolide (PLG) microparticles; plasmid DNA encoding peptide sequences,
8236802,abstract,HS extract of Brucella ovis,True,Brucella ovis,Sheep (rams),Sheep (rams),Intramuscular (IM),,,research,,"Outer membrane proteins and rough lipopolysaccharide (hot saline extract, HS)",HS extract incorporated with pluronic polymer L-121 and muramyl dipeptide,
25644010,abstract,B. abortus Δmfp::kan mutant live vaccine,True,Brucella abortus,"Livestock (cattle), humans",Mice (C57BL/6 and IRF-1 knockout),Live attenuated injection,,,research,,"Membrane fusogenic protein (Mfp), outer membrane protein 19 (Omp19)",Live attenuated Brucella abortus Δmfp::kan mutant,"mfp (membrane fusogenic protein), omp19 (outer membrane protein 19)"
37866552,abstract,L. lactis-pNZ8148-BAB1-0278-Usp45,False,Brucella abortus,Cattle,Mice (BALB/c),Oral,,,research,,BAB1-0278 (Brucella outer membrane protein),Live recombinant Lactococcus lactis vector expressing BAB1-0278,BAB1-0278
1261734,abstract,PI Brucella Vaccine,False,Brucella,Humans,Animals,,,,research,,Brucella fractions (P.I. and 4A),,
29649688,abstract,Recombinant unlipidated Omp25c (rOmp25c) vaccine,True,Brucella abortus,Human,Mouse (BALB/c),Intraperitoneal injection,"Defence Food Research Laboratory, Mysore, Karnataka, India",,research,,Recombinant outer membrane protein 25c (Omp25c),Recombinant unlipidated protein with Freund's adjuvant,omp25c
22149711,abstract,Acellular vaccine for ovine brucellosis,True,"Brucella ovis, Brucella melitensis",Sheep,Sheep,IM,,,research,,,Acellular,
40936934,abstract,RB51 + BCG co-vaccination,True,Brucella abortus and Mycobacterium bovis,Cattle,Cattle,Intramuscular,"National Animal Disease Center, Agricultural Research Service (USDA)",,research,,Live attenuated Brucella abortus strain RB51 and Bacillus Calmette-Guérin (BCG) strain of Mycobacterium bovis,Live attenuated combination,
32208191,abstract,Recombinant Lactobacillus casei vector vaccine expressing OMP19 of Brucella species,True,Brucella abortus,Mice,Mice (Inbred BALB/c),Oral,,,research,,OMP19 (outer membrane protein 19) of Brucella abortus,Recombinant probiotic Lactobacillus casei expressing OMP19,omp19
13106703,abstract,Brucella vaccine,True,Brucella melitensis,"Sheep, Goats",,,,,research,,,,
19687621,abstract,Brucella abortus strain RB51 vaccine,False,Brucella abortus,Cattle,Sprague-Dawley rats,Intraperitoneal injection,,,research,,Brucella abortus strain RB51,Live attenuated bacterial vaccine,
12151196,abstract,Brucella Deltaomp25 mutant vaccine,True,"Brucella melitensis, Brucella ovis",small ruminants,mice (BALB/c),,,,research,,Omp25 (major outer membrane protein),live attenuated mutant (Deltaomp25),omp25
17070627,abstract,Brucella melitensis Rev.1 deletion mutants (bp26 and omp31),True,Brucella melitensis,sheep,sheep,conjunctival or subcutaneous,"Institut National de la Recherche Agronomique, Centre de Tours-Nouzilly, France",,research,,"BP26 protein, Omp31 protein","live attenuated vaccine, gene deletion mutants","bp26, omp31"
26904509,abstract,Brucella abortus strain RB51 overexpressing superoxide dismutase and glycosyltransferase genes,False,Brucella abortus,Elk (Cervus canadensis),Elk (Cervus canadensis),,,,research,,"Superoxide dismutase, glycosyltransferase",,"superoxide dismutase gene, glycosyltransferase gene"
7631517,abstract,Brucella abortus RB51,False,Brucella abortus,Sheep (rams),Sheep (rams),subcutaneous,,,research,,Brucella abortus strain RB51 (live attenuated),live attenuated bacterial vaccine,
28882137,abstract,Brucella abortus Strain 19 vaccine,False,Brucella abortus,Cattle,,,,,licensed,Mandatory in Argentina,,,
18405337,abstract,Brucella melitensis WR201,False,Brucella melitensis,Animals (veterinary),Male BALB/c mice,Oral,,,research,,,"Live, attenuated vaccine",
34919994,abstract,Brucella abortus A19 bacterial ghost (A19BG),False,"Brucella abortus, Brucella melitensis","Cattle, Guinea pigs","Guinea pigs, Cattle",Intramuscular (IM),"Tecon Biological Co, Ltd",,research,,Brucella abortus A19 ghost,Bacterial ghost produced by biological lysis and hydrogen peroxide-mediated inactivation,
23942901,abstract,Brucella abortus strain RB51,False,Brucella abortus,cattle,cattle,injection,,,licensed,United States,Brucella abortus strain RB51,live attenuated bacterial vaccine,
20391363,abstract,Brucella abortus vaccine strain RB51,False,Brucella abortus,water buffalo (Bubalus bubalis),"water buffalo (Bubalus bubalis), mice (protocol described)",injection,,,research,,Brucella abortus strain RB51,,
12119140,abstract,Brucella abortus RB51 and Brucella melitensis Rev. 1,False,Brucella melitensis,Mouse,BALB/c mice,,,,research,,whole-cell bacterial buffered RB51 antigen,live rough Brucella abortus RB51 or smooth Brucella melitensis Rev. 1,
24508034,abstract,Brucella melitensis B115,False,Brucella melitensis,sheep,"mouse, sheep",injection,,,research,,B115 rough strain,,
32983124,abstract,Brucella abortus strain RB51 vaccine,False,Brucella abortus,Cattle,Cattle,Intramuscular (IM),"National Animal Disease Center, Agricultural Research Service, United States Department of Agriculture",,licensed,,Brucella abortus strain RB51,,
16519974,abstract,CGV26 and CGV2631 B. melitensis Rev.1 deletion mutant strains,False,"Brucella melitensis, Brucella ovis",sheep,sheep,subcutaneous or conjunctival vaccination,"Laboratoire de Pathologie Infectieuse et Immunologie, Institut National de Recherche Agronomique, Centre de Tours-Nouzilly, France",,research,,bp26 and omp31 gene products (proteins of diagnostic significance),live attenuated deletion mutant strains,"bp26 (deleted in CGV26), bp26 and omp31 (deleted in CGV2631)"
21109033,abstract,Gamma-irradiated Brucella neotomae and recombinant strains,False,"Brucella abortus, Brucella melitensis, Brucella suis",Human,Mice (BALB/c),"Immunization (likely intramuscular, but not explicitly stated)",,,research,,"Brucella neotomae (whole cell, gamma-irradiated), superoxide dismutase, 26 kDa periplasmic protein",Gamma-irradiated whole cell and recombinant strains,"Superoxide dismutase gene, 26 kDa periplasmic protein gene"
6799566,abstract,Brucella abortus strain 19 vaccine,False,Brucella abortus,Cattle,Heifers (female cattle),Injection,,,licensed,,Brucella abortus strain 19,Live attenuated,
25029920,abstract,Brucella ovis wadB mutant vaccine,True,Brucella ovis,Sheep,Mice (Inbred BALB/c),,,,research,,Mutant Brucella ovis with defective LPS core (wadB or wadC mutants),Live attenuated bacterial mutant,"wadB, wadC"
26925620,abstract,Brucella melitensis M5-90Δpgm,False,Brucella melitensis,Sheep,BALB/c mice,,"College of Animal Science and Technology, Shihezi University",,research,,Phosphoglucomutase (PGM),Live attenuated,pgm mutant
20362625,abstract,Brucella abortus 82 and Brucella abortus 19 vaccine (ballistic delivery via modified Komarov's bullet),True,Brucella abortus,Cattle and bison,Cattle and bison,"Ballistic delivery (modified Komarov's bullet, intramuscular)","State Federal Enterprise for Science Research Centre for Toxicology and Hygienic Regulation of Biopreparations at Federal Medico-Biological Agency (RCT&HRB), Russia",,research,,Live Brucella abortus strains 82 and 19,"Live bacterial vaccine, protected by special coating for viability",
12399611,abstract,Brucella abortus strain S-19 vaccine,False,Brucella abortus,"Cattle, sheep, goat","Cattle, sheep, goat, reindeer, yak",IM,,,licensed,,Brucella polysaccharide (poly-B),,
25218192,abstract,S19 and RB51 Brucella Vaccine,True,Brucella abortus,Cattle,Cattle,IM,,,licensed,,γ-irradiated Brucella abortus 2308,,
21056079,abstract,Brucella abortus S19-GFP vaccine,True,Brucella abortus,productive and wildlife animals,mice,,,,research,,"lipopolysaccharide molecule, green fluorescent protein",live attenuated Brucella abortus S19 expressing green fluorescent protein,green fluorescent protein gene
15695027,abstract,,False,Brucella species (including Brucella melitensis),"Cattle, sheep, goats",,,,,,,,,
2514615,abstract,Brucella abortus salt-extractable protein vaccine,True,Brucella abortus,Cattle (heifers),Cattle (crossbred beef heifers),,,,research,,Brucella abortus salt-extractable proteins,Salt-extractable protein preparation,
12381572,abstract,Brucella abortus strain RB51 and strain 19,False,Brucella abortus,pronghorn antelope,pronghorn antelope,oral,,,research,,,,
40232834,abstract,Brucella melitensis Rev.1,False,Brucella melitensis,scimitar-horned oryx (Oryx dammah),scimitar-horned oryx (Oryx dammah),"subcutaneous, conjunctival",,,research,,,"live attenuated vaccine (Rev.1 strain), 1-2 x 10^9 CFU per dose",
27639282,abstract,znBAZ (ΔnorD ΔznuA B. abortus-lacZ mutant),False,Brucella abortus,"Livestock (cattle), potential for humans",Mouse (BALB/c),Parenteral (injection),,,research,,"Live attenuated Brucella abortus mutant lacking norD and znuA genes, with lacZ marker",Live attenuated bacterial vaccine,"norD, znuA (deleted), lacZ (marker)"
29548705,abstract,TMC/Urease nanoparticle vaccine,True,Brucella melitensis and Brucella abortus,Humans and domestic animals,Mice (Inbred BALB/C),Intraperitoneal injection,,,research,,Urease,Urease loaded N-trimethyl chitosan nanoparticles,
27664334,abstract,Brucella abortus RB51 vaccine,False,Brucella abortus,"Cattle (Bos taurus, Holstein dairy cattle)",,Intramuscular (IM),,,licensed,,Brucella abortus RB51 (live attenuated strain),Live attenuated vaccine,
25673305,abstract,Brucella abortus strain RB51,False,Brucella abortus,Bison,Bison,Intramuscular injection,"National Animal Disease Center, Agricultural Research Service, United States Department of Agriculture",,research,,Brucella abortus strain RB51,Live attenuated bacterial vaccine,
32544523,abstract,S19 and RB51,False,Brucella abortus,Cattle,Cattle,IM,,,licensed,,"MDH (malate dehydrogenase), SOD (superoxide dismutase), ABC transporter",LPS-free protein based,
111660,abstract,B. abortus 45/20 vaccine,False,Brucella abortus,Cattle,Animals,,,,research,,,,
17686554,abstract,Brucella recombinant DnaK and SurA protein vaccine,True,Brucella abortus,Mouse,BALB/c mice,Injection with adjuvant,,,research,,Recombinant SurA (rSurA) and DnaK (rDnaK) proteins,Subunit vaccine with recombinant proteins and adjuvant,DnaK and SurA genes
7927779,abstract,Brucella abortus RB51,False,"Brucella abortus, Brucella melitensis, Brucella ovis",,BALB/c mice,live bacterial vaccination,,,research,,Brucella abortus RB51 (rough mutant),live bacteria,
31775863,abstract,Brucella melitensis Rev.1,False,Brucella melitensis,"Alpine ibex (Capra ibex), domestic goat (Capra hircus)","Alpine ibex (Capra ibex), domestic goat (Capra hircus)",conjunctival,,,licensed,,live attenuated Brucella melitensis Rev.1 strain,live attenuated bacterial vaccine,
32434839,abstract,Brucella canis RM6/66 ΔvjbR,False,Brucella canis,dog,mouse,intraperitoneal and subcutaneous injection,,,research,,live attenuated Brucella canis RM6/66 ΔvjbR strain,live attenuated vaccine,ΔvjbR (deletion of vjbR gene)
17014337,abstract,Brucella abortus strain RB51 (SRB51) vaccine,False,Brucella abortus,Domestic pigs (Sus scrofa),Domestic pigs (Sus scrofa),Intramuscular (IM) injection,"Bacterial Diseases of Livestock Research Unit, National Animal Disease Center, Agricultural Research Service, USDA",,research,,Brucella abortus strain RB51,Live attenuated bacterial vaccine,
31843357,abstract,Brucella abortus S19ΔR (rfbD mutant),False,Brucella abortus,Bovine,Mice,,Indian Veterinary Research Institute,,research,,Rough LPS phenotype (rfbD gene deleted mutant),Live attenuated mutant,rfbD
26971148,abstract,Brucella abortus S19,False,Brucella abortus,Cattle,Cattle,IM,,,licensed,,outer membrane protein,live-attenuated,
38453565,abstract,Rev 1 ΔeryCD and Rev 1,False,Brucella melitensis,Goats,Male goats,Injection (1×10^9 CFU/ml),,,research,,Brucella melitensis Rev 1 ΔeryCD and Rev 1 strains,Live attenuated bacterial vaccine,ΔeryCD (erythritol catabolism gene deletion)
32014437,abstract,B. abortus S19,False,Brucella abortus,Cattle,Cattle,,,,,,,,
28812192,abstract,Brucella rough strain vaccine,True,Brucella abortus,Cattle,Cattle,IM,Biotran Biotecnologia e Treinamento em Reprodução Animal,,research,,Brucella rough strain,,
6442027,abstract,Brucella abortus strain 19 vaccine,True,Brucella abortus,Cattle,Heifers,Intraconjunctival,,,research,,Brucella abortus strain 19,Live attenuated,
24984948,abstract,OAg-AcrA recombinant glycoprotein antigen,False,Brucella spp.,Cattle,Cattle,,"Instituto de Investigaciones Biotecnológicas ""Dr. Rodolfo A. Ugalde"", Instituto Tecnológico de Chascomús (IIB-INTECH), Universidad Nacional de San Martín, CONICET, Argentina; Alberta Glycomics Centre, University of Alberta, Canada",,research,,N-formylperosamine O-polysaccharide-protein conjugate (OAg-AcrA),Recombinant glycoprotein antigen coupled to magnetic beads or ELISA plates,
15145500,abstract,Brucella melitensis Rev. 1 vaccine,False,Brucella melitensis,sheep,pregnant sheep,,,,licensed,,,,
27143220,abstract,Brucella abortus RB51,False,Brucella abortus,Cattle,Cattle,Subcutaneous injection,,,licensed,,Live attenuated Brucella abortus RB51 strain,Live attenuated bacterial vaccine,
29253594,abstract,polymeric OMP25-BLS Brucella antigen,False,Brucella melitensis,,Mice (Inbred BALB/c),Emulsified in Chitosan Nanoparticles,,,research,,Chimeric OMP25-BLS antigen (with/without rHSP60),"Subunit vaccine, chimeric antigen emulsified in chitosan nanoparticles","OMP25, BLS, HSP60"
35850072,abstract,Brucella abortus strain RB51 vaccine,False,Brucella abortus,Cattle,Cattle,Intramuscular (IM),Commercial (not specified),Lyophilized,licensed,,Brucella abortus strain RB51,"Live attenuated, lyophilized",
33527985,abstract,Oral Salmonella-delivered Brucella live attenuated vaccine,True,Brucella,Mice,BALB/c mice,Oral,,,research,,Brucella antigens SodC and Omp19,"Attenuated Salmonella secreting Brucella antigens, co-administered with sodium bicarbonate or magnesium hydroxide-based antacid buffer","SodC, Omp19"
19439382,abstract,RB51,False,Brucella abortus,Cattle,,Intramuscular,,,licensed,,,,
26040616,abstract,Brucella abortus 2308ΔwbkA,False,Brucella abortus,"Animals (potentially cattle, sheep); tested in mice",BALB/c mice,IM,,,research,,WbkA mutant protein,Live attenuated mutant (2308ΔwbkA),wbkA
18319583,abstract,Brucella abortus strain 19 vaccine,False,Brucella abortus,Camelus bactrianus,Camelus bactrianus,,,,clinical,,live attenuated Brucella abortus S19,live attenuated,
24397905,abstract,Outer membrane vesicles (OMVs) from Brucella melitensis and irradiated Brucella neotomae,False,Brucella melitensis,,Mice (BALB/c),,,,research,,Outer membrane vesicles (OMVs) from Brucella melitensis; irradiated Brucella neotomae,OMVs and irradiated whole-cell,
25869887,abstract,Brucella abortus S19Δper mutant,False,Brucella abortus,cattle,"mice, guinea pigs",injection,Indian Veterinary Research Institute,,research,,intermediate rough lipopolysaccharide (LPS) with residual O-polysaccharide (OPS),live attenuated mutant,perosamine synthetase gene (deleted)
9582954,abstract,Brucella abortus RB51 and O-polysaccharide (OPS) vaccines,False,Brucella suis,Swine,Swine,Intramuscular (IM) or oral (PO),"Instituto de Investigaciones Veterinarias, Maracay, Venezuela",,clinical,,"Live attenuated Brucella abortus RB51, killed B suis cells, O-polysaccharide (OPS) from B abortus 1119-3, OPS from B suis 1330","Live attenuated, killed cells, purified O-polysaccharide",
40072655,abstract,Brucella abortus RB51,False,Brucella abortus,Cattle,Cattle,Injection (IM),,,licensed,,Brucella abortus RB51 strain,Live attenuated vaccine,
23313258,abstract,,False,Brucella,Sheep,,,,,research,,,,
6782064,abstract,Brucella abortus strain 19 vaccine,False,Brucella abortus,Cattle,Cattle,"Conjunctival, subcutaneous (standard and reduced dose), intradermal",,,licensed,,Brucella abortus strain 19,,
25339409,abstract,Outer Membrane Protein 31 (Omp31) vaccine formulations,True,Brucella canis,dog,BALB/c mouse,subcutaneous,,,research,,recombinant Brucella Omp31,"Omp31 antigen formulated with adjuvants (incomplete Freund adjuvant, aluminum hydroxide, Quil A, Montanide IMS 3012 VGPR), plasmid pCIOmp31, or prime-boost with pCIOmp31 and recombinant Omp31",omp31
12381571,abstract,Brucella melitensis Rev 1,False,Brucella melitensis,"Humans, animals",Animals,,,,research,,,,
30885309,abstract,BLSOmp31-Chitosan microspheres and BLSOmp31-Poloxamer 407-Chitosan gel,True,Brucella ovis,Sheep (rams),Sheep (rams),Intranasal and conjunctival (mucosal) administration,"Inmunova S.A., Buenos Aires, Argentina",,research,,BLSOmp31 (Brucella ovis outer membrane protein 31),Chitosan microspheres; Poloxamer 407-Chitosan gel,
12135637,abstract,,False,Brucella abortus,,Mice (BALB/c),"Injection (protein-expressing whole cells or purified proteins, with adjuvants)",,,research,,"Brucella abortus heat shock proteins (GroEL, GroES, HtrA)","Baculovirus recombinant-expressing whole insect cells, purified recombinant proteins, vaccinia virus recombinant, combined with Freund's or Ribi adjuvant","groEL, groES, htrA"
829301,abstract,Heat-inactivated Brucella melitensis (strain 53 H 38) in water-in-oil emulsion,False,"Brucella melitensis, Brucella abortus",Mice,CD-I female mice,Subcutaneous injection,,,research,,Heat-inactivated Brucella melitensis (strain 53 H 38),Water-in-oil emulsion with adjuvant,
16112746,abstract,Brucella abortus strain RB51 vaccine,False,Brucella abortus,Water buffalo (Bubalus bubalis),Water buffalo (Bubalus bubalis),Intramuscular,,,licensed,,Brucella abortus strain RB51,Live attenuated vaccine,
9801329,abstract,Brucella abortus S19 and Brucella melitensis Rev 1,False,"Brucella abortus, Brucella melitensis","Cattle, sheep, goats",,,,,licensed,,"Crude lipopolysaccharides, hydrolytic O polysaccharides, native hapten polysaccharides of MC or AC specificity",,
15804600,abstract,WR201,False,Brucella melitensis,Human,Mouse,Oral,Walter Reed Army Institute of Research,,research,,"Live, attenuated Brucella melitensis",Live attenuated,
25225910,abstract,Gamma-irradiated Brucella neotomae oral vaccine,True,Brucella abortus,Human,Mouse,Oral,,,research,,Smooth lipopolysaccharide (LPS),Gamma-irradiated whole-cell Brucella neotomae,
9706206,abstract,Brucella abortus strain RB51 and strain 19 vaccine,False,Brucella abortus,Cattle,Cattle,Live organism (injection),,,research,,Brucella abortus strain RB51 or strain 19,Live attenuated bacterial vaccine,
41293151,abstract,Brucella abortus S19,False,Brucella abortus,"Cattle, Buffaloes","Cattle, Buffaloes",Intramuscular (IM),"Indian Council of Agricultural Research (ICAR)-National Institute of Veterinary Epidemiology and Disease Informatics, Yelahanka, Bengaluru, India",Stored at -20°C,licensed,World Organisation for Animal Health (OIE) global reference standard,Live attenuated Brucella abortus S19,"Live attenuated bacterial vaccine, 4 × 10^9 CFU/dose",
23643287,abstract,BLSOmp31,False,Brucella ovis,Sheep (rams),Sheep (rams),IM,,,research,,BLSOmp31 (polymeric subcellular antigen),polymeric subcellular vaccine,Omp31
28131952,abstract,Brucella abortus 2308ΔNodVΔNodW double-mutant,False,Brucella abortus,Cattle,BALB/c mice,IM,,,research,,"NodV, NodW",Live attenuated vaccine,"NodV, NodW (deleted genes)"
20362620,abstract,Brucella abortus vaccine,True,Brucella abortus,Bison (Bison bison),Bison (Bison bison),Remote delivery and boundary capture,,,research,,,,
13915813,abstract,Brucella abortus strain 19 (19-BA) vaccine and Brucella melitensis Rev 1 vaccine,False,"Brucella abortus, Brucella melitensis",Humans,Humans,Subcutaneous injection,,,research,,Viable Brucella organisms (live attenuated strains),Live attenuated bacterial vaccine,
29781672,abstract,Brucella abortus strain 19 (S19) vaccine,False,Brucella abortus,Cattle,Cattle,Subcutaneous injection (high dose) or conjunctival route (low dose),,,licensed,,Live attenuated Brucella abortus strain 19,Live attenuated bacterial vaccine,
16299302,abstract,rOmp31 subunit vaccine,True,"Brucella melitensis, Brucella ovis","sheep, mice",BALB/c mice,injection (with incomplete Freund's adjuvant),,,research,,recombinant 31-kDa outer membrane protein (Omp31) from Brucella melitensis; synthetic peptide (amino acids 48-74 of Omp31),subunit vaccine (recombinant protein or synthetic peptide) with incomplete Freund's adjuvant,omp31 gene from Brucella melitensis
29274056,abstract,S19 vaccine,False,Brucella abortus,Cattle,,,,,licensed,,,live,
33213290,abstract,Brucella abortus strain RB51 vaccine,False,Brucella abortus,"Cattle, Bison, Elk, Swine","Cattle, Bison, Elk, Swine",IM,,,licensed,,Brucella abortus strain RB51,,
6805409,abstract,Brucella abortus strain 19 vaccine,False,Brucella abortus,Cattle (heifers),Cattle (heifers),,,,,,,,
23163875,abstract,Brucella melitensis outer membrane vesicle (OMV) vaccine with Pluronic P85 adjuvant,True,Brucella melitensis,Human,Mouse (BALB/c),Intramuscular,,,research,,Outer membrane vesicles (OMVs) from Brucella melitensis,OMVs combined with Pluronic P85 (poloxamer) as adjuvant,
6802119,abstract,Brucella abortus strain 19 (S19) and Brucella abortus 45/20 (S45/20),False,Brucella abortus,Cattle,Cattle,Subcutaneous injection,,,licensed,,Brucella abortus strain 19 (S19) or Brucella abortus 45/20 (S45/20),Live attenuated bacterial vaccine,
27938682,abstract,Omp2b-based Brucella subunit vaccine,True,"Brucella melitensis, Brucella abortus",Animals,BALB/c mice,"Protein/Protein, DNA/DNA, DNA/Protein (prime-boost strategies)",Pasteur Institute of Iran,,research,,Omp2b (outer membrane protein 2b),Subunit vaccine (recombinant protein and DNA vaccine),Omp2b gene
6774529,abstract,Live brucellosis vaccine prepared from Brucella abortus 82,False,Brucella abortus,,Guinea pigs,Injection,,,research,,"Live Brucella abortus 82 and lyzed, low-molecular Brucella component (glucopeptide)",Live vaccine and glucopeptide administered in succession,
12414170,abstract,Brucella abortus RB51,False,Brucella abortus,Cattle,"Mouse, HeLa cell lines, macrophage-related cell lines",,"Brucellosis Research Unit, National Animal Disease Center (NADC)",,research,,"BCSP31, Cu-Zn SOD, HtrA, two-component systems","Subunit preparation (salt extract), genetically engineered strains","BCSP31, Cu-Zn SOD, HtrA, two-component systems"
13475612,abstract,BCG,False,"Mycobacterium tuberculosis, Brucella melitensis",Rabbit,Rabbit,,,,research,,,,
9673273,abstract,Recombinant Brucella abortus S19 expressing Trypanosoma cruzi repetitive antigen,True,Trypanosoma cruzi,,"Mice, Rabbits",,"Instituto de Investigaciones Biotecnologicas, Universidad Nacional de General San Martin, INTI, San Martin, Provincia de Buenos Aires, Argentina",,research,,Repetitive antigen of Trypanosoma cruzi,Live recombinant Brucella abortus S19 strain carrying plasmid pBEV,"bcsp31 regulatory sequences and signal peptide, Trypanosoma cruzi repetitive antigen gene"
22539433,abstract,Brucella abortus S19 vaccine,False,Brucella abortus,Cattle,Cattle,,,,licensed,,"Triton X-114 hydrophilic phase antigen preparation (including proteins such as Invasion protein B, Sod, Dps, Ndk, and Bfr)",Triton X-114 extracted antigen preparation,
27747197,abstract,pV270 recombinant plasmid DNA vaccine,True,Brucella abortus 2308,Human,BALB/c mice,DNA plasmid injection,"Laboratory of Molecular Immunology, Department of Immunology, Faculty of Biological Sciences, Universidad de Concepción, Chile",,research,,Zn-dependent metalloproteinase (encoded by BAB1_0270 open reading frame),Recombinant DNA plasmid,BAB1_0270
12507562,abstract,Brucella abortus strain RB51 (SRB51) vaccine,False,Brucella abortus,Bison,Bison,Intramuscular injection (calfhood vaccination),"Bacterial Diseases of Livestock Research Unit, National Animal Disease Center, Agricultural Research Service, United States Department of Agriculture",,clinical,,Brucella abortus strain RB51,Live attenuated bacterial vaccine,
40989634,abstract,Brucella Vaccine,False,Brucella abortus,Cattle,Cattle,IM,,,research,,,,
29433066,abstract,Live attenuated Salmonella Typhimurium vector expressing Brucella abortus PrpA protein,True,"Salmonella Typhimurium, Brucella abortus",Mouse,BALB/c mice,"Live bacterial vector (oral or injection, not specified)",,,research,,4-hydroxyproline 2-epimerase (PrpA) protein,Live attenuated Salmonella Typhimurium vector constitutively expressing PrpA,prpA
10731617,abstract,Brucella abortus strain RB51 (SRB51),False,Brucella abortus,Cattle,Bison,,U.S. Department of Agriculture,,licensed,,Brucella abortus strain RB51,,
1906114,abstract,Brucella abortus strain 19 (S19) vaccine,False,Brucella abortus,Bison (Bison bison),Bison (Bison bison),"Manual injection (intramuscular), ballistic inoculation (absorbable hollow pellet containing lyophilized S19)",,,research,,Brucella abortus strain 19,"Lyophilized S19 in absorbable hollow pellet, buffered saline for controls",
23647412,abstract,Brucella melitensis 16MΔhfq live attenuated vaccine,True,Brucella melitensis,"Sheep, Humans",BALB/c mice,Intramuscular (IM),,,research,,Hfq protein,Live attenuated,hfq gene deletion
26752510,abstract,ΔznuA B. melitensis nasal vaccine,True,Brucella melitensis,"Humans, animals","Mice (Inbred BALB/c, Inbred C57BL)",Nasal (intranasal) vaccination,,,research,,ΔznuA mutant of Brucella melitensis,Live attenuated bacterial vaccine,znuA (deleted/attenuated)
19703982,abstract,Gamma-irradiated Brucella melitensis vaccine,True,Brucella melitensis,Humans,Mice,,,,research,,"Whole Brucella melitensis (gamma-irradiated, metabolically active)","Gamma-irradiated, non-replicating but metabolically active whole-cell vaccine",
16973307,abstract,Rev-1 vaccine,False,Brucella melitensis,sheep,sheep,conjunctival,,,licensed,,,attenuated,
16246467,abstract,Brucella abortus strain RB51 live vaccine in photopolymerized hydrogel Biobullets,True,Brucella abortus,Bison,Elk,Ballistic delivery using Biobullets (intramuscular injection),,,research,,Brucella abortus strain RB51,Live bacterial vaccine encapsulated in photopolymerized poly(ethylene glycol)-crosslinked hydrogel within Biobullets,
9813857,abstract,Brucella abortus strain RB51 (SRB51) vaccine,False,Brucella abortus,Bison (Bison bison),Bison (Bison bison),subcutaneous,,,research,,Brucella abortus strain RB51,live attenuated bacterial vaccine,
2844673,abstract,Porin-S-LPS and Porin-O Polysaccharide Complex Vaccine,True,Brucella abortus,,Mice,Injection,,,research,,"Porin, Smooth Lipopolysaccharide (S-LPS), O Polysaccharide",Complex of porin and smooth lipopolysaccharide (porin-S-LPS); porin covalently bound to purified O polysaccharide; synthetic vaccine containing long chains of O polysaccharide,
8203126,abstract,Brucella melitensis Rev1,False,Brucella melitensis,Sheep,Sheep,,,,licensed,,"Outer membrane proteins (OMPs) of 36-38, 60, 70-73 and 89 kDa; S-LPS like molecules",,rev
6529395,abstract,Brucella ovis bacterin,False,Brucella ovis,Sheep (rams),Sheep (rams),Inoculation,,,research,,Killed Brucella ovis,Bacterin (killed whole-cell vaccine),
13575671,abstract,,False,"Brucella suis, Brucella abortus, Brucella melitensis",,"rat, mouse, guinea pig",,,,research,,smooth Brucella antigen,"heat-killed brucellae; living, rough B. suis",
31514254,abstract,Brucella melitensis outer membrane vesicle (OMV) vaccine,True,Brucella melitensis,Humans,BALB/c mice,Intramuscular injection,"Razi Vaccine & Serum Research Institute, Agricultural Research, Education and Extension Organization, Karaj, Iran",,research,,Outer membrane vesicles (OMVs) from Brucella melitensis,OMVs purified from Brucella melitensis biovar 1 human isolate,
15327798,abstract,Brucella abortus RB51WboA and RB51SOD/WboA,True,Brucella melitensis,Cattle,Mice,Live attenuated bacterial injection,,,research,,"O-side chain (wboA gene product), Cu/Zn superoxide dismutase (SOD)",Live recombinant Brucella abortus RB51 strains expressing wboA and/or SOD,"wboA, Cu/Zn superoxide dismutase (SOD)"
8250382,abstract,"Brucella abortus S19 delta 31K, S19 delta SOD, RB51, and strain 19 live mutant vaccines",True,Brucella abortus,Cattle,Cattle (Polled Hereford heifers),Subcutaneous injection,"USDA, National Animal Disease Center, Ames, IA",,research,,"Live mutant strains of Brucella abortus (S19 delta 31K, S19 delta SOD, RB51, strain 19)",Live attenuated bacterial vaccine,"31K gene deletion, SOD gene deletion"
20833439,abstract,RB51,False,Brucella abortus,Cattle,,Mass vaccination (injection),,,licensed,,,,
